{
    "age": 24,
    "region": {
        "x": 283,
        "y": 206,
        "w": 484,
        "h": 484
    },
    "gender": "Man",
    "race": {
        "asian": 0.46407682821154594,
        "indian": 1.3033745810389519,
        "black": 0.5522425752133131,
        "white": 61.97964549064636,
        "middle eastern": 8.234120905399323,
        "latino hispanic": 27.466538548469543
    },
    "dominant_race": "white",
    "emotion": {
        "angry": 85.94115888721697,
        "disgust": 1.117948609263185e-05,
        "fear": 13.967890379899167,
        "happy": 0.00018156509840905555,
        "sad": 0.08313782077359085,
        "surprise": 2.7786433145241286e-08,
        "neutral": 0.007623161672737772
    },
    "dominant_emotion": "angry"
}