{
    "age": 29,
    "region": {
        "x": 159,
        "y": 214,
        "w": 655,
        "h": 655
    },
    "gender": "Woman",
    "race": {
        "asian": 21.657051146030426,
        "indian": 15.542873740196228,
        "black": 40.841639041900635,
        "white": 2.237129956483841,
        "middle eastern": 1.8103785812854767,
        "latino hispanic": 17.910930514335632
    },
    "dominant_race": "black",
    "emotion": {
        "angry": 0.005997404163197863,
        "disgust": 9.302506100040701e-07,
        "fear": 3.2217927161702256,
        "happy": 91.00857484238448,
        "sad": 0.06716915304059946,
        "surprise": 0.6175690991349102,
        "neutral": 5.078888079060545
    },
    "dominant_emotion": "happy"
}